2026-08-28 00:08:08	converted	11s	011_IFSCA career__2025 Phase 2 Cutoff Declaration.pdf
2026-08-28 00:17:38	skip-existing	0s	001_IFSCA career__20222023 Recruitment Notification.pdf
2026-08-28 00:17:38	skip-existing	0s	002_IFSCA career__2023 Phase 1 Exam Handout - General Stream.pdf
2026-08-28 00:17:38	skip-existing	0s	003_IFSCA career__2023 Phase 1 Results.pdf
2026-08-28 00:17:38	skip-existing	0s	004_IFSCA career__2023 Phase 2 Cut-off Marks.pdf
2026-08-28 00:17:38	skip-existing	0s	005_IFSCA career__2024 Vacancy Notification.pdf
2026-08-28 00:17:38	skip-existing	0s	006_IFSCA career__2025 Recruitment Notification.pdf
2026-08-28 00:17:38	skip-existing	0s	007_IFSCA career__2025 Phase 1 Call Letter Exam Handout.pdf
2026-08-28 00:17:49	converted	11s	009_IFSCA career__2025 Phase 2 Legal Stream Marks.pdf
2026-08-28 00:18:02	converted	13s	010_IFSCA career__2025 Phase 2 Interview Marks.pdf
2026-08-28 00:18:17	converted	15s	011_IFSCA career__2025 Phase 2 Cutoff Declaration.pdf
2026-08-28 00:33:32	failed	914s	013_IFSCA publications__Annual Report 2020-21.pdf
2026-08-28 01:18:19	skip-existing	0s	001_IFSCA career__20222023 Recruitment Notification.pdf
2026-08-28 01:18:19	skip-existing	0s	002_IFSCA career__2023 Phase 1 Exam Handout - General Stream.pdf
2026-08-28 01:18:19	skip-existing	0s	003_IFSCA career__2023 Phase 1 Results.pdf
2026-08-28 01:18:19	skip-existing	0s	004_IFSCA career__2023 Phase 2 Cut-off Marks.pdf
2026-08-28 01:18:19	skip-existing	0s	005_IFSCA career__2024 Vacancy Notification.pdf
2026-08-28 01:18:19	skip-existing	0s	006_IFSCA career__2025 Recruitment Notification.pdf
2026-08-28 01:18:19	skip-existing	0s	007_IFSCA career__2025 Phase 1 Call Letter Exam Handout.pdf
2026-08-28 01:18:19	skip-existing	0s	009_IFSCA career__2025 Phase 2 Legal Stream Marks.pdf
2026-08-28 01:18:19	skip-existing	0s	010_IFSCA career__2025 Phase 2 Interview Marks.pdf
2026-08-28 01:18:19	skip-existing	0s	011_IFSCA career__2025 Phase 2 Cutoff Declaration.pdf
2026-08-28 01:18:26	converted	8s	013_IFSCA publications__Annual Report 2020-21.pdf
2026-08-28 01:34:29	failed	963s	014_IFSCA publications__Annual Report 2021-22.pdf
2026-08-28 01:38:08	converted	219s	015_IFSCA publications__Annual Report 2022-23.pdf
2026-08-28 01:56:53	failed	1125s	016_IFSCA publications__Annual Report 2023-24.pdf
2026-08-28 01:57:33	converted	40s	017_IFSCA publications__Bulletin Apr-Jun 2024.pdf
2026-08-28 01:58:20	converted	47s	018_IFSCA publications__Bulletin Jul-Sep 2024.pdf
2026-08-28 01:59:05	converted	45s	019_IFSCA publications__Bulletin Oct-Dec 2024.pdf
2026-08-28 01:59:57	converted	51s	020_IFSCA publications__Bulletin Jan-Mar 2025.pdf
2026-08-28 02:00:12	converted	15s	021_IFSCA publications__RI Regulations Consultation 2023.pdf
2026-08-28 02:01:01	converted	49s	022_IFSCA publications__Draft Payment Services Regulations 2023.pdf
2026-08-28 02:02:57	converted	116s	023_IFSCA publications__Onshore Innovation to GIFT IFSC.pdf
2026-08-28 02:03:54	converted	57s	024_IFSCA publications__Listing Regulations Consultation 2024.pdf
2026-08-28 02:04:29	converted	35s	026_IFSCA publications__Fund Management Brochure Dec 2025.pdf
2026-08-28 02:04:38	converted	8s	027_IFSCA publications__Commodity Trading Hub Expert Committee.pdf
2026-08-28 02:04:50	converted	12s	028_IFSCA publications__Fund Management Ecosystem Report Aug 2025.pdf
2026-08-28 02:09:00	skip-existing	0s	001_IFSCA career__20222023 Recruitment Notification.pdf
2026-08-28 02:09:00	skip-existing	0s	002_IFSCA career__2023 Phase 1 Exam Handout - General Stream.pdf
2026-08-28 02:09:00	skip-existing	0s	003_IFSCA career__2023 Phase 1 Results.pdf
2026-08-28 02:09:00	skip-existing	0s	004_IFSCA career__2023 Phase 2 Cut-off Marks.pdf
2026-08-28 02:09:00	skip-existing	0s	005_IFSCA career__2024 Vacancy Notification.pdf
2026-08-28 02:09:00	skip-existing	0s	006_IFSCA career__2025 Recruitment Notification.pdf
2026-08-28 02:09:00	skip-existing	0s	007_IFSCA career__2025 Phase 1 Call Letter Exam Handout.pdf
2026-08-28 02:09:00	skip-existing	0s	009_IFSCA career__2025 Phase 2 Legal Stream Marks.pdf
2026-08-28 02:09:00	skip-existing	0s	010_IFSCA career__2025 Phase 2 Interview Marks.pdf
2026-08-28 02:09:00	skip-existing	0s	011_IFSCA career__2025 Phase 2 Cutoff Declaration.pdf
2026-08-28 02:09:00	skip-existing	0s	013_IFSCA publications__Annual Report 2020-21.pdf
2026-08-28 02:09:01	converted	0s	014_IFSCA publications__Annual Report 2021-22.pdf
2026-08-28 02:09:01	skip-existing	0s	015_IFSCA publications__Annual Report 2022-23.pdf
2026-08-28 02:09:01	converted	0s	016_IFSCA publications__Annual Report 2023-24.pdf
2026-08-28 02:09:01	skip-existing	0s	017_IFSCA publications__Bulletin Apr-Jun 2024.pdf
2026-08-28 02:09:01	skip-existing	0s	018_IFSCA publications__Bulletin Jul-Sep 2024.pdf
2026-08-28 02:09:01	skip-existing	0s	019_IFSCA publications__Bulletin Oct-Dec 2024.pdf
2026-08-28 02:09:01	skip-existing	0s	020_IFSCA publications__Bulletin Jan-Mar 2025.pdf
2026-08-28 02:09:01	skip-existing	0s	021_IFSCA publications__RI Regulations Consultation 2023.pdf
2026-08-28 02:09:01	skip-existing	0s	022_IFSCA publications__Draft Payment Services Regulations 2023.pdf
2026-08-28 02:09:01	skip-existing	0s	023_IFSCA publications__Onshore Innovation to GIFT IFSC.pdf
2026-08-28 02:09:01	skip-existing	0s	024_IFSCA publications__Listing Regulations Consultation 2024.pdf
2026-08-28 02:09:01	skip-existing	0s	026_IFSCA publications__Fund Management Brochure Dec 2025.pdf
2026-08-28 02:09:01	skip-existing	0s	027_IFSCA publications__Commodity Trading Hub Expert Committee.pdf
2026-08-28 02:09:01	skip-existing	0s	028_IFSCA publications__Fund Management Ecosystem Report Aug 2025.pdf
2026-08-28 02:10:30	converted	89s	029_IFSCA publications__Debt Market At IFSC FY2024-25.pdf
2026-08-28 02:10:59	converted	29s	030_IFSCA publications__IFSCA Funds Digital.pdf
2026-08-28 02:11:06	converted	7s	031_IFSCA publications__Global Securities Markets Conclave 2.0.pdf
2026-08-28 02:11:24	converted	18s	032_IFSCA publications__EY GIFT City Tax Benefits - IFSCA hosted.pdf
2026-08-28 02:18:54	converted	450s	033_ICSI__Paper 4.6 - IFSCA Regulations Listing And Compliances.pdf
2026-08-28 02:19:38	converted	44s	034_ICSI__Supplement Dec 2025.pdf
2026-08-28 02:21:23	converted	106s	035_ICSI__Supplement CMSL New Syllabus Dec 2025.pdf
2026-08-28 02:21:30	converted	6s	036_ICSI__ICSI Earlier IFSCA Note.pdf
2026-08-28 02:21:39	converted	9s	037_ICSI CSJ__CSJ July 2024 - IFSC overview.pdf
2026-08-28 02:21:52	converted	13s	038_ICSI CSJ__CSJ July 2024 - Payment Services Regulations.pdf
2026-08-28 02:22:06	converted	14s	039_ICSI CSJ__CSJ July 2024 - IIBX deep dive.pdf
2026-08-28 02:22:18	converted	12s	040_ICSI CSJ__CSJ July 2024 - ITFS GIFT setup.pdf
2026-08-28 02:22:32	converted	13s	041_ICSI CSJ__CSJ Jan 2025 - SGrBs at GIFT IFSC.pdf
2026-08-28 02:22:46	converted	14s	042_ICSI CSJ__CSJ May 2025 - ListingsSPACsESGLEAP.pdf
2026-08-28 02:22:52	converted	7s	043_ICSI CSJ__CSJ Jan 2026 - Transition BondsISSB S2.pdf
2026-08-28 02:23:07	converted	14s	044_ICSI Info Capsule__2025-03-27.pdf
2026-08-28 02:23:20	converted	13s	045_ICSI Info Capsule__2025-04-21.pdf
2026-08-28 02:23:31	converted	10s	046_ICSI Info Capsule__2025-06-30.pdf
2026-08-28 02:23:43	converted	12s	047_ICSI Info Capsule__2025-07-30.pdf
2026-08-28 02:23:56	converted	13s	048_ICSI Info Capsule__2025-08-07.pdf
2026-08-28 02:24:08	converted	11s	049_ICSI Info Capsule__2025-09-12.pdf
2026-08-28 02:24:18	converted	11s	050_ICSI Info Capsule__2025-09-22.pdf
2026-08-28 02:24:29	converted	10s	051_ICSI Info Capsule__2025-10-17.pdf
2026-08-28 02:24:40	converted	12s	052_ICSI Info Capsule__2025-10-27.pdf
2026-08-28 02:24:52	converted	12s	053_ICSI Info Capsule__2025-11-18.pdf
2026-08-28 02:25:04	converted	12s	054_ICSI Info Capsule__2025-11-28.pdf
2026-08-28 02:25:14	converted	11s	055_ICSI Info Capsule__2025-12-24.pdf
2026-08-28 02:25:26	converted	11s	056_ICSI Info Capsule__2026-01-01.pdf
2026-08-28 02:25:38	converted	12s	057_ICSI Info Capsule__2026-01-06.pdf
2026-08-28 02:25:47	converted	10s	058_ICSI Info Capsule__2026-01-12.pdf
2026-08-28 02:25:58	converted	11s	059_ICSI Info Capsule__2026-01-20.pdf
2026-08-28 02:26:10	converted	12s	060_ICSI Info Capsule__2026-01-27.pdf
2026-08-28 02:26:21	converted	11s	061_ICSI Info Capsule__2026-02-25.pdf
2026-08-28 02:27:23	converted	63s	062_ICSI Info Capsule__2026-03-10.pdf
2026-08-28 02:27:31	converted	8s	063_ICSI Info Capsule__2026-04-06.pdf
2026-08-28 02:27:39	converted	8s	064_ICSI Info Capsule__2026-04-15.pdf
2026-08-28 02:27:47	converted	8s	065_ICSI Info Capsule__2026-04-20.pdf
2026-08-28 02:28:10	converted	22s	066_PwC__Banking in GIFT IFSC.pdf
2026-08-28 02:28:30	converted	20s	067_PwC__Capital Markets in GIFT IFSC.pdf
2026-08-28 02:29:02	converted	32s	068_PwC__FinTech in GIFT IFSC - final v1.pdf
2026-08-28 02:29:59	converted	56s	069_PwC__FinTech in GIFT IFSC - earlier.pdf
2026-08-28 02:30:32	converted	34s	070_PwC__Asset And Wealth Management.pdf
2026-08-28 02:31:11	converted	38s	071_PwC__Ship Leasing.pdf
2026-08-28 02:31:36	converted	26s	072_PwC__Aircraft Leasing.pdf
2026-08-28 02:32:02	converted	26s	073_PwC__Aircraft Leasing - final v1.pdf
2026-08-28 02:32:29	converted	27s	074_PwC__Opportunities in GIFT IFSC 2024.pdf
2026-08-28 02:33:00	converted	31s	075_PwC__Moving the Needle on Gujarats GIFT City.pdf
2026-08-28 02:35:21	converted	141s	080_EY__GIFT City Advantage Dec 2025 - primary.pdf
2026-08-28 02:37:27	converted	127s	081_EY__GIFT City Advantage Dec 2025 - newsroom.pdf
2026-08-28 02:38:13	converted	46s	082_EY__GRCTCs India Advantage.pdf
2026-08-28 02:38:29	converted	16s	084_EY__FPI Trends 2024 Roundup.pdf
2026-08-28 02:38:45	converted	16s	085_EY__Union Budget 2024 FS Alert.pdf
2026-08-28 02:39:47	converted	62s	088_Grant Thornton__The World Inside IFSC GIFT City.pdf
2026-08-28 02:40:26	converted	39s	089_Grant Thornton__GIFT City IFSC Banking Perspective.pdf
2026-08-28 02:40:38	converted	13s	093_KPMG__BFSI FPI Newsletter Aug 2024.pdf
2026-08-28 02:40:53	converted	15s	094_KPMG__BFSI FPI Newsletter Jan 2025.pdf
2026-08-28 02:41:09	converted	16s	095_ixamBee__FME Regulations Study Notes.pdf
2026-08-28 02:41:22	converted	13s	096_EduTap__Phase 12 Study Material PDF.pdf
2026-08-28 02:41:53	converted	30s	097_IndiaCode__IFSCA Act 2019 current.pdf
2026-08-28 02:47:28	converted	335s	098_IFSCA publications__Annual Report 2024-25 English.pdf
2026-08-28 03:13:20	failed	1553s	099_IFSCA publications__Annual Report 2024-25 Bilingual.pdf
2026-08-28 13:00:14	skip-existing	0s	001_IFSCA career__20222023 Recruitment Notification.pdf
2026-08-28 13:00:14	skip-existing	0s	002_IFSCA career__2023 Phase 1 Exam Handout - General Stream.pdf
2026-08-28 13:00:14	skip-existing	0s	003_IFSCA career__2023 Phase 1 Results.pdf
2026-08-28 13:00:14	skip-existing	0s	004_IFSCA career__2023 Phase 2 Cut-off Marks.pdf
2026-08-28 13:00:14	skip-existing	0s	005_IFSCA career__2024 Vacancy Notification.pdf
2026-08-28 13:00:14	skip-existing	0s	006_IFSCA career__2025 Recruitment Notification.pdf
2026-08-28 13:00:14	skip-existing	0s	007_IFSCA career__2025 Phase 1 Call Letter Exam Handout.pdf
2026-08-28 13:00:14	skip-existing	0s	009_IFSCA career__2025 Phase 2 Legal Stream Marks.pdf
2026-08-28 13:00:14	skip-existing	0s	010_IFSCA career__2025 Phase 2 Interview Marks.pdf
2026-08-28 13:00:14	skip-existing	0s	011_IFSCA career__2025 Phase 2 Cutoff Declaration.pdf
2026-08-28 13:00:14	skip-existing	0s	013_IFSCA publications__Annual Report 2020-21.pdf
2026-08-28 13:05:19	converted	304s	014_IFSCA publications__Annual Report 2021-22.pdf
2026-08-28 13:05:19	skip-existing	0s	015_IFSCA publications__Annual Report 2022-23.pdf
2026-08-28 13:10:30	converted	311s	016_IFSCA publications__Annual Report 2023-24.pdf
2026-08-28 13:10:30	skip-existing	0s	017_IFSCA publications__Bulletin Apr-Jun 2024.pdf
2026-08-28 13:10:30	skip-existing	0s	018_IFSCA publications__Bulletin Jul-Sep 2024.pdf
2026-08-28 13:10:30	skip-existing	0s	019_IFSCA publications__Bulletin Oct-Dec 2024.pdf
2026-08-28 13:10:30	skip-existing	0s	020_IFSCA publications__Bulletin Jan-Mar 2025.pdf
2026-08-28 13:10:30	skip-existing	0s	021_IFSCA publications__RI Regulations Consultation 2023.pdf
2026-08-28 13:10:30	skip-existing	0s	022_IFSCA publications__Draft Payment Services Regulations 2023.pdf
2026-08-28 13:10:30	skip-existing	0s	023_IFSCA publications__Onshore Innovation to GIFT IFSC.pdf
2026-08-28 13:10:30	skip-existing	0s	024_IFSCA publications__Listing Regulations Consultation 2024.pdf
2026-08-28 13:10:30	skip-existing	0s	026_IFSCA publications__Fund Management Brochure Dec 2025.pdf
2026-08-28 13:10:30	skip-existing	0s	027_IFSCA publications__Commodity Trading Hub Expert Committee.pdf
2026-08-28 13:10:30	skip-existing	0s	028_IFSCA publications__Fund Management Ecosystem Report Aug 2025.pdf
2026-08-28 13:10:30	skip-existing	0s	029_IFSCA publications__Debt Market At IFSC FY2024-25.pdf
2026-08-28 13:10:30	skip-existing	0s	030_IFSCA publications__IFSCA Funds Digital.pdf
2026-08-28 13:10:30	skip-existing	0s	031_IFSCA publications__Global Securities Markets Conclave 2.0.pdf
2026-08-28 13:10:30	skip-existing	0s	032_IFSCA publications__EY GIFT City Tax Benefits - IFSCA hosted.pdf
2026-08-28 13:10:30	skip-existing	0s	033_ICSI__Paper 4.6 - IFSCA Regulations Listing And Compliances.pdf
2026-08-28 13:10:30	skip-existing	0s	034_ICSI__Supplement Dec 2025.pdf
2026-08-28 13:10:30	skip-existing	0s	035_ICSI__Supplement CMSL New Syllabus Dec 2025.pdf
2026-08-28 13:10:30	skip-existing	0s	036_ICSI__ICSI Earlier IFSCA Note.pdf
2026-08-28 13:10:30	skip-existing	0s	037_ICSI CSJ__CSJ July 2024 - IFSC overview.pdf
2026-08-28 13:10:30	skip-existing	0s	038_ICSI CSJ__CSJ July 2024 - Payment Services Regulations.pdf
2026-08-28 13:10:30	skip-existing	0s	039_ICSI CSJ__CSJ July 2024 - IIBX deep dive.pdf
2026-08-28 13:10:30	skip-existing	0s	040_ICSI CSJ__CSJ July 2024 - ITFS GIFT setup.pdf
2026-08-28 13:10:30	skip-existing	0s	041_ICSI CSJ__CSJ Jan 2025 - SGrBs at GIFT IFSC.pdf
2026-08-28 13:10:30	skip-existing	0s	042_ICSI CSJ__CSJ May 2025 - ListingsSPACsESGLEAP.pdf
2026-08-28 13:10:30	skip-existing	0s	043_ICSI CSJ__CSJ Jan 2026 - Transition BondsISSB S2.pdf
2026-08-28 13:10:30	skip-existing	0s	044_ICSI Info Capsule__2025-03-27.pdf
2026-08-28 13:10:30	skip-existing	0s	045_ICSI Info Capsule__2025-04-21.pdf
2026-08-28 13:10:30	skip-existing	0s	046_ICSI Info Capsule__2025-06-30.pdf
2026-08-28 13:10:30	skip-existing	0s	047_ICSI Info Capsule__2025-07-30.pdf
2026-08-28 13:10:30	skip-existing	0s	048_ICSI Info Capsule__2025-08-07.pdf
2026-08-28 13:10:30	skip-existing	0s	049_ICSI Info Capsule__2025-09-12.pdf
2026-08-28 13:10:30	skip-existing	0s	050_ICSI Info Capsule__2025-09-22.pdf
2026-08-28 13:10:30	skip-existing	0s	051_ICSI Info Capsule__2025-10-17.pdf
2026-08-28 13:10:30	skip-existing	0s	052_ICSI Info Capsule__2025-10-27.pdf
2026-08-28 13:10:30	skip-existing	0s	053_ICSI Info Capsule__2025-11-18.pdf
2026-08-28 13:10:30	skip-existing	0s	054_ICSI Info Capsule__2025-11-28.pdf
2026-08-28 13:10:30	skip-existing	0s	055_ICSI Info Capsule__2025-12-24.pdf
2026-08-28 13:10:30	skip-existing	0s	056_ICSI Info Capsule__2026-01-01.pdf
2026-08-28 13:10:30	skip-existing	0s	057_ICSI Info Capsule__2026-01-06.pdf
2026-08-28 13:10:30	skip-existing	0s	058_ICSI Info Capsule__2026-01-12.pdf
2026-08-28 13:10:30	skip-existing	0s	059_ICSI Info Capsule__2026-01-20.pdf
2026-08-28 13:10:30	skip-existing	0s	060_ICSI Info Capsule__2026-01-27.pdf
2026-08-28 13:10:30	skip-existing	0s	061_ICSI Info Capsule__2026-02-25.pdf
2026-08-28 13:10:30	skip-existing	0s	062_ICSI Info Capsule__2026-03-10.pdf
2026-08-28 13:10:30	skip-existing	0s	063_ICSI Info Capsule__2026-04-06.pdf
2026-08-28 13:10:30	skip-existing	0s	064_ICSI Info Capsule__2026-04-15.pdf
2026-08-28 13:10:30	skip-existing	0s	065_ICSI Info Capsule__2026-04-20.pdf
2026-08-28 13:10:30	skip-existing	0s	066_PwC__Banking in GIFT IFSC.pdf
2026-08-28 13:10:30	skip-existing	0s	067_PwC__Capital Markets in GIFT IFSC.pdf
2026-08-28 13:10:30	skip-existing	0s	068_PwC__FinTech in GIFT IFSC - final v1.pdf
2026-08-28 13:10:30	skip-existing	0s	069_PwC__FinTech in GIFT IFSC - earlier.pdf
2026-08-28 13:10:30	skip-existing	0s	070_PwC__Asset And Wealth Management.pdf
2026-08-28 13:10:30	skip-existing	0s	071_PwC__Ship Leasing.pdf
2026-08-28 13:10:30	skip-existing	0s	072_PwC__Aircraft Leasing.pdf
2026-08-28 13:10:30	skip-existing	0s	073_PwC__Aircraft Leasing - final v1.pdf
2026-08-28 13:10:30	skip-existing	0s	074_PwC__Opportunities in GIFT IFSC 2024.pdf
2026-08-28 13:10:30	skip-existing	0s	075_PwC__Moving the Needle on Gujarats GIFT City.pdf
2026-08-28 13:10:30	skip-existing	0s	080_EY__GIFT City Advantage Dec 2025 - primary.pdf
2026-08-28 13:10:30	skip-existing	0s	081_EY__GIFT City Advantage Dec 2025 - newsroom.pdf
2026-08-28 13:10:30	skip-existing	0s	082_EY__GRCTCs India Advantage.pdf
2026-08-28 13:10:30	skip-existing	0s	084_EY__FPI Trends 2024 Roundup.pdf
2026-08-28 13:10:30	skip-existing	0s	085_EY__Union Budget 2024 FS Alert.pdf
2026-08-28 13:10:30	skip-existing	0s	088_Grant Thornton__The World Inside IFSC GIFT City.pdf
2026-08-28 13:10:30	skip-existing	0s	089_Grant Thornton__GIFT City IFSC Banking Perspective.pdf
2026-08-28 13:10:30	skip-existing	0s	093_KPMG__BFSI FPI Newsletter Aug 2024.pdf
2026-08-28 13:10:30	skip-existing	0s	094_KPMG__BFSI FPI Newsletter Jan 2025.pdf
2026-08-28 13:10:30	skip-existing	0s	095_ixamBee__FME Regulations Study Notes.pdf
2026-08-28 13:10:30	skip-existing	0s	096_EduTap__Phase 12 Study Material PDF.pdf
2026-08-28 13:10:30	skip-existing	0s	097_IndiaCode__IFSCA Act 2019 current.pdf
2026-08-28 13:10:30	skip-existing	0s	098_IFSCA publications__Annual Report 2024-25 English.pdf
2026-08-28 13:12:25	converted	116s	099_IFSCA publications__Annual Report 2024-25 Bilingual.pdf
2026-08-28 13:12:47	converted	21s	100_IFSCA publications__Bulletin Apr-Jun 2025.pdf
2026-08-28 13:14:39	converted	113s	101_IFSCA publications__Bulletin Jul-Sep 2025.pdf
2026-08-28 13:16:15	converted	95s	102_IFSCA publications__Bulletin Oct-Dec 2025.pdf
2026-08-28 13:16:53	converted	39s	103_IFSCA TAS__Draft Regulations May 2025.pdf
2026-08-28 13:17:04	converted	11s	104_IFSCA TAS__Draft Public Comments Bundle Jul 2025.pdf
2026-08-28 13:18:04	converted	60s	105_IFSCA TAS__Final Regulations 2025.pdf
2026-08-28 13:18:34	converted	30s	106_IFSCA TAS__Transition Circular Jul 2025.pdf
2026-08-28 13:18:51	converted	17s	107_IFSCA TAS__FAQs Dec 2025.pdf
2026-08-28 13:19:05	converted	13s	108_ICSI Info Capsule__2025-01-10.pdf
2026-08-28 13:19:20	converted	15s	109_ICSI Info Capsule__2025-02-14.pdf
2026-08-28 13:19:36	converted	16s	110_ICSI Info Capsule__2025-02-19.pdf
2026-08-28 13:19:46	converted	10s	111_ICSI Info Capsule__2025-04-08.pdf
2026-08-28 13:20:13	converted	27s	112_ICSI Info Capsule__2026-01-15.pdf
2026-08-28 13:20:52	converted	39s	113_ICSI Info Capsule__2026-02-09.pdf
2026-08-28 13:21:33	converted	41s	114_EY__Global Commodity Trade via GIFT City 2026.pdf
2026-08-28 13:22:15	converted	42s	115_PwC__FinTech in GIFT IFSC - v2.pdf
2026-08-28 13:23:04	converted	49s	2-Application-Form-for-Innovation-and-Regulatory-Sandbox100520241927.pdf
2026-08-28 13:23:48	converted	44s	Accounts-Part-1-PFRDA-IFSCA-Grade-A.pdf
2026-08-28 13:24:24	converted	36s	Amendments-and-Additions-or-Deletions-to-the-IFSCA-Banking-Handbook.pdf
2026-08-28 13:25:32	converted	68s	Bullion.pdf
2026-08-28 13:26:08	converted	35s	Costing-Ifsca-Only-Ifsca-Only-Costing-Methods.pdf
2026-08-28 13:27:30	converted	82s	Doing-business-at-GIFT-IFSC-booklet.pdf
2026-08-28 13:27:52	converted	22s	Draft-Regulations.pdf
2026-08-28 13:28:44	converted	52s	Feedback-on-IFSCA-FinTech-Sandbox-Google-Docs-1.pdf
2026-08-28 13:29:37	converted	52s	GIFT-City-IFSC-AIFs.pdf
2026-08-28 13:30:07	converted	30s	IFSC-Guidelines-Cybersecurity-and-Cyber-Resilience-ms.pdf
2026-08-28 13:31:25	converted	78s	IFSCA Grade A 2023 - Phase 1.pdf
2026-08-28 13:31:53	converted	28s	IFSCA Grade A 2023 - Phase 2.pdf
2026-08-28 13:32:31	converted	38s	IFSCA Grade A 2024 - Phase 2.pdf
2026-08-28 13:33:27	converted	56s	IFSCA-2023-Phase-1-Paper-2.pdf
2026-08-28 13:34:24	converted	57s	IFSCA-2024-Notification.pdf
2026-08-28 13:34:33	converted	9s	IFSCA-Bullion-Circular-Article-Jan-26.pdf
2026-08-28 13:37:12	converted	159s	IFSCA-Compliance-Handbook.pdf
2026-08-28 13:37:21	converted	9s	IFSCA-Global-in-House-Centres-Regulations-2025-Article.pdf
2026-08-28 13:39:09	converted	109s	IFSCA-Grade-A-2023-Phase-2-Paper-1-Memory-Based-Paper-lyst1714977084667-240522-101130.pdf
2026-08-28 13:41:20	converted	131s	IFSCA-Grade-A-2023-Phase-2-Paper-2-Memory-Based-Paper-lyst1714977168608-240522-101220.pdf
2026-08-28 13:42:18	converted	58s	IFSCA-Grade-A-Officer-2022-Phase-1-Paper-2-Previous-Year-Paper.pdf
2026-08-28 13:44:20	converted	122s	IFSCA-Grade-A-Officer-2023-Paper-1-Previous-Year-Paper-Shift-2.pdf
2026-08-28 13:45:05	converted	45s	IFSCA-Grade-A-Officer-2023-Phase-2-Paper-2-General-Previous-Year-Paper.pdf
2026-08-28 13:47:08	converted	123s	IFSCA-Grade-a-2023-Phase-1-Paper-1-Memory-Based-Paper-Lyst1714976963726.pdf
2026-08-28 13:48:29	converted	81s	IFSCA-Grade-a-2024-Memory-Based-Phase-1-Paper-1.pdf
2026-08-28 13:49:07	converted	37s	IFSCA-Grade-a-2024-Memory-Based-Phase-2-Paper-1.pdf
2026-08-28 13:49:36	converted	29s	IFSCA-Informal-Guidance-Scheme-2024.pdf
2026-08-28 13:49:57	converted	21s	IFSCA-Strategy.pdf
2026-08-28 13:51:25	converted	87s	Ifsca-Payment-Services-Regulations-2024-1-01022024122008.pdf
2026-08-28 13:54:20	converted	175s	Ifsca-Phase-2-Final.pdf
2026-08-28 13:56:30	converted	131s	Ifsca-syll.pdf
2026-08-28 13:57:07	converted	37s	Paper-2-2024-Ifsca.pdf
2026-08-28 13:58:06	converted	59s	Phase-1-IFSCA-Grade-a-2023-Memory-Based-Paper.pdf
2026-08-28 13:59:00	converted	54s	Phase-1-IFSCA-Grade-a-2024-Memory-Based-Paper.pdf
2026-08-28 13:59:39	converted	38s	Phase-2-IFSCA-Grade-a-2024-Memory-Based-Paper.pdf
2026-08-28 14:00:54	converted	76s	Tha-Ifsca-Banking-Handbook-Gen-Directions-Version-212112021075913.pdf
2026-08-28 14:03:52	converted	178s	The-Ifsca-Banking-Handbook-Cob-Directions-v6-005042024051513.pdf
2026-08-28 14:05:23	converted	90s	Tokenisation-at-IFSCA-1742377448.pdf
2026-08-28 14:05:58	converted	35s	Trimmed-2023-Ifsca-Pyq.pdf
2026-08-28 14:06:10	converted	12s	discovered_001_IFSCA_Holiday_List.pdf
2026-08-28 14:06:52	converted	41s	discovered_002_All-in-One-Current-Affairs-Booster-1st-to-7th-March-2026.pdf
2026-08-28 14:07:48	converted	56s	discovered_003_All-in-One-Current-Affairs-Booster-1st-to-7th-February-2026.pdf
2026-08-28 14:09:08	converted	80s	discovered_004_All-in-One-Current-Affairs-Booster-5th-to-15th-January-2026.pdf
2026-08-28 14:10:39	converted	91s	discovered_005_CurrentTap-1st-to-7th-Feburary-2026.pdf
2026-08-28 14:11:13	converted	35s	discovered_006_CurrentTap-1st-to-7th-March-2026.pdf
2026-08-28 14:12:16	converted	62s	discovered_007_CurrentTap-1st-to-7th-January-2026-1.pdf
2026-08-28 14:12:34	converted	19s	discovered_011_ifsca-information-handout-english.pdf
2026-08-28 14:12:52	converted	17s	discovered_012_ifsca-information-handout-hindi.pdf
2026-08-28 14:13:16	converted	24s	discovered_013_ifsca-phase-2-info-handout-english.pdf
2026-08-28 14:14:00	converted	44s	discovered_014_ifsca-phase-2-info-handout-hindi.pdf
2026-08-28 14:14:42	converted	42s	discovered_015_IFSCA-Grade-A-Syllabus.pdf
2026-08-28 14:15:28	converted	46s	discovered_016_IFSCA_Grade_A_2024_Memory_Based_Phase_1-Question_Paper_1.pdf
2026-08-28 14:15:45	converted	16s	discovered_017_IFSCA_Grade_A_2024_Memory_Based_Phase_2_Question-Paper_1.pdf
2026-08-28 14:15:49	converted	4s	discovered_020_IFSCAGENERAL.pdf
2026-08-28 14:15:59	converted	10s	discovered_021_IFSCALEGAL.pdf
2026-08-28 14:16:18	converted	19s	discovered_022_IFSCA_Grade_A_2022_Phase_1_Paper_2_ixamBee.pdf
2026-08-28 14:16:36	converted	18s	discovered_022_ahmedabad.pdf
2026-08-28 14:16:56	converted	21s	discovered_023_AJMER_RESULT.pdf
2026-08-28 14:18:01	converted	64s	discovered_023_IFSCA_Grade_A_2023_Phase_1_Paper_1_Shift_1_ixamBee.pdf
2026-08-28 14:18:25	converted	25s	discovered_024_IFSCA_Grade_A_2023_Phase_1_Paper_2_ixamBee.pdf
2026-08-28 14:18:56	converted	31s	discovered_024_allahabad.pdf
2026-08-28 14:20:38	converted	102s	discovered_025_IFSCA_Grade_A_2023_Phase_1_Paper_1_Shift_2_ixamBee.pdf
2026-08-28 14:20:55	converted	17s	discovered_025_banglore.pdf
2026-08-28 14:21:12	converted	17s	discovered_026_DV-publishing-document-of-CEN-03-2018_RRB_Bhopal-V2.0-011119.pdf
2026-08-28 14:22:28	converted	76s	discovered_026_IFSCA_Grade_A_2023_Phase_2_Paper_2_General_ixamBee.pdf
2026-08-28 14:22:49	converted	20s	discovered_027_IFSCA_2023_Phase_2_Paper_2_General_static_ixamBee.pdf
2026-08-28 14:23:02	converted	13s	discovered_027_bhuvneshwar.pdf
2026-08-28 14:23:27	converted	25s	discovered_028_Bilaspur.pdf
2026-08-28 14:23:45	converted	18s	discovered_029_chandigarh.pdf
2026-08-28 14:24:21	converted	36s	discovered_030_Chennai.pdf
2026-08-28 14:24:55	converted	33s	discovered_031_DVCEN-03-2018_RRB_Gorakhpur-V2.1.pdf
2026-08-28 14:25:13	converted	18s	discovered_032_DV-publishing-document-of-CEN-03-2018_RRB_Guwahati-V2.1.pdf
2026-08-28 14:25:33	converted	21s	discovered_033_Jammu.pdf
2026-08-28 14:26:00	converted	26s	discovered_034_DV-publishing-document-of-CEN-03-2018_RRB_-KOLKATA-V2.1.pdf
2026-08-28 14:26:23	converted	23s	discovered_035_Malda.pdf
2026-08-28 14:26:49	converted	26s	discovered_036_Mumbai.pdf
2026-08-28 14:27:02	converted	13s	discovered_037_CEN-03-2018-DV-Result.pdf
2026-08-28 14:27:15	converted	13s	discovered_038_Result_032018.pdf
2026-08-28 14:27:35	converted	20s	discovered_039_secunderabad.pdf
2026-08-28 14:27:47	converted	12s	discovered_040_DV-publishing-document-of-CEN-03-2018_RRB_Siliguri.pdf
2026-08-28 14:28:09	converted	22s	discovered_041_Trivendrum.pdf
2026-08-28 14:28:39	converted	30s	ifsca-fee-circular-08apr202508042025073502.pdf
2026-08-28 14:29:09	converted	30s	ilide.info-pr_0912c3f4d281ff1e46826da1461877b6.pdf
2026-08-28 14:29:18	converted	9s	ilide.info-pr_0e572922b114a663cf5c90ed5ec7320c.pdf
2026-08-28 14:29:35	converted	17s	ilide.info-pr_0f59578188a0ce097215e2df978deb5c.pdf
2026-08-28 14:30:03	converted	29s	ilide.info-pr_17e5f41a69c0dc60028a9d1400d2fd72.pdf
2026-08-28 14:30:27	converted	24s	ilide.info-pr_1818c4996afddf5fb462406dfc32e628.pdf
2026-08-28 14:32:42	converted	134s	ilide.info-pr_2b3baa402e760fe90630631162357c88.pdf
2026-08-28 14:32:52	converted	11s	ilide.info-pr_3875ff1c4b4e0af6e23469a964056e6a.pdf
2026-08-28 14:33:07	converted	15s	ilide.info-pr_4da9e1ea2f2d5655336d72e034c1f02d.pdf
2026-08-28 14:34:50	converted	103s	ilide.info-pr_6899e349b0c97a9defee7d65e002bc20.pdf
2026-08-28 14:35:05	converted	15s	ilide.info-pr_6cc62758b8ebe5cfbdbcf1e237d4f9ca.pdf
2026-08-28 14:36:04	converted	59s	ilide.info-pr_952fd7aecf82c5651b20e80ae0862e35.pdf
2026-08-28 14:36:51	converted	47s	ilide.info-pr_9f4069fd3bbe9c8246dec11e8fec47a2.pdf
2026-08-28 14:37:04	converted	13s	ilide.info-pr_aa9b83fc253521bcc5404c0ee08bb0f4.pdf
2026-08-28 14:37:38	converted	34s	ilide.info-pr_dd1e5008ad964eadc1fa64c2c511d5a6.pdf
2026-08-28 14:39:04	converted	86s	ilide.info-pr_e90c61a185fb6966b495c02a18f09896.pdf
2026-08-28 14:39:45	converted	41s	ps-regulations-final-consolidated-final23042024043055.pdf
2026-08-28 14:41:16	converted	91s	scribd.pdfdownloaders.com_.pdf
2026-08-28 14:42:12	converted	56s	the-ifsca-banking-handbook-prudential-directions13082021060655.pdf
2026-08-28 16:21:15	converted	112s	2020 (Phase 1+2).pdf
2026-08-28 16:23:45	converted	150s	2022 (Phase 1+2).pdf
2026-08-28 16:24:44	converted	59s	2024 (Phase 1).pdf
2026-08-28 16:25:42	converted	58s	2024 (Phase 2).pdf
2026-08-28 16:27:21	converted	100s	2025(Phase 1+2).pdf
2026-08-28 16:29:20	converted	118s	SEBI Grade A Guidebook.pdf
